ASIN,Brand,Title,Category,BuyBox,#,Fulfillment ,Price,FBA fee,Sales,Revenue,BSR,Rating,Review Count,Review Velocity,Dimensions,Weight,Size Tier,Images,Listing Creation Date,,
"B07TGJGTFH","($) babynurs","($) Baby Monitor, 4.3” Video Baby Monitor with Camera Audio, Long Battery Life/VOX, 1000ft Range, Room Temperature & Accurate Audio Sensor, Infrared Night Version, 2-Way Audio, Out of Range Alert","($) Baby","($) Atrocare","1","FBA","54.99","13.00","73","4,014.27","14,149","4","166","19","5.2x9.5x4.3","1.25","Large Standard-Size","9","n/a",,
"B00ECHYTBI","($) Infant Optics","($) Infant Optics DXR-8 Video Baby Monitor with Interchangeable Optical Lens","($) Baby","($) Amazon","24","AMZ","165.99","30.00","6,363","1,056,194.37","173","4.5","40,506","1009","8.7x9.5x3.9","2.03","Large Standard-Size","12","n/a",,
"B08CKSC7Z6","Visit Amazon's Paul  Alster Page","Kin or Country: A Political Thriller","Kindle Store","N/A","n/a","N/A","3.99","0.00",,,"4,793","5","26","0","n/a","n/a","n/a",,"n/a",,
"1432867113","Visit Amazon's Kim Michele Richardson Page","The Book Woman of Troublesome Creek (Thorndike Press Large Print Basic)","Books","Amazon","7","AMZ","31.99","11.50","88","2,815.12","138,892","4.5","7,787","1548","5.7x8.7x1.0","1.38","Large Standard-Size","1","n/a",,
"0991301870","Visit Amazon's Boo Walker Page","Red Mountain: A Novel (Red Mountain Chronicles)","Books","Amazon","12","AMZ","13.49","8.00","634","8,552.66","4,506","4","2,228","226","6.0x8.9x1.0","1.15","Large Standard-Size","2","n/a",,
"B00L2PB3BW","Beauty by Earth","Self Tanner - With Organic Aloe Vera & Shea Butter, Sunless Tanning Lotion and Bronzer Buildable Light, Medium or Dark Tan for Natural Looking Fake Tan, Self Tanners Best Sellers (7.5oz)","Beauty & Personal Care","Beauty by Earth","1","FBA","29.99","7.00","7,842","235,181.58","1,315","4.5","9,094","821","2.4x7.7x2.4","0.56","Large Standard-Size","9","n/a",,
"0143110438","Visit Amazon's Amor Towles Page","A Gentleman in Moscow: A Novel","Books","Amazon","55","AMZ","11.44","8.00","2,137","24,447.28","682","4.5","19,898","1543","5.5x8.5x1.2","0.9","Large Standard-Size","1","n/a",,
"B07TS6YMTV","Gili","Gili Friendship Bracelet Making Kit, Best Arts and Crafts Toy for Girls Birthday Gifts Ages 6yr-12yr, Charm Bracelet Making String Sets for 7, 8, 9, 10, 11 Year Old Kids Travel Activities","Toys & Games","GILI TOY","1","FBA","28.99","9.77","1,953","56,617.47","3,321","4.5","142","9","11.0x15.0x2.6","1.1","Large Standard-Size","8","07/02/2019",,
"B00K1HPPXO","Harper Lee","To Kill a Mockingbird","Unknown","N/A","1","N/A","28.99","0.00",,,"114","5","26,574","636","n/a","n/a","n/a","1","n/a",,
"B000FBFNT2","Visit Amazon's Kristin Hannah Page","Between Sisters: A Novel","Kindle Store","N/A","1","N/A","13.99","0.00",,,"4,131","4.5","2,269","0","n/a","n/a","n/a","1","n/a",,
"B07QW5R8R3","($) Gili","($) GILI Flower Garden Building Toys, Build a Bouquet Sets for 3, 4, 5, 6 Year Old Toddler Girls, Arts and Crafts for Little Kids Age 3yr Up, Best Top Christmas Birthday Gifts for Creativity Play (120PCS)","($) Toys & Games","($) GILI TOY","1","FBA","34.97","11.00","1,802","63,015.94","4,183","5","577","33","7.2x11.2x6.3","2","Large Standard-Size","7","n/a",,
"B07W4DJ171","($) GoBambinos","($) Baby Soother Sound Machine - White Noise Machine & Portable Lullaby - Plush Teddy Bear Crib Projector Night Light - Sleep Susher for Babies & Toddlers","($) Baby","($) GoBambinos","1","FBA","32.99","10.00","138","4,552.62","11,774","4.5","226","30","6.5x9.8x6.1","1.1","Large Standard-Size","9","n/a",,
"1250080401","Visit Amazon's Kristin Hannah Page","The Nightingale: A Novel","Books","Amazon","44","AMZ","8.29","7.94","4,046","33,541.34","206","5","49,560","1802","5.5x8.1x1.7","1.19","Large Standard-Size","3","n/a",,
"1507212305","Visit Amazon's Stephanie Laska Page","The DIRTY, LAZY, KETO Cookbook: Bend the Rules to Lose the Weight!","Books","Amazon","30","AMZ","13.99","8.80","1,184","16,564.16","1,387","4.5","1,674","312","7.0x9.1x0.6","1.08","Large Standard-Size","6","n/a",,
"B01ES349CY","LilyAna Naturals","LilyAna Naturals Retinol Cream for Face - Retinol Cream, Anti Aging Cream, Retinol Moisturizer for Face, Wrinkle Cream for Face, 2.5% Retinol Complex - 1.7oz","Beauty & Personal Care","NaturalBeautyInc","1","FBA","19.99","6.00","27,627","552,263.73","489","4.5","15,382","1508","2.5x6.7x2.0","0.19","Large Standard-Size","8","n/a",,
"B001KYT6CS","sodastream","SodaStream Jet Sparkling Water Maker, Kit w/60l Cylinder, Silver","Kitchen & Dining","Amazon","1","AMZ","79.99","19.00","2,385","190,776.15","1,476","4","2,394","260","8.0x17.0x7.8","6.5","Large Standard-Size","7","05/05/2003",,
"B087WRXHZC","Visit Amazon's Kevin Miller Page","The Silver Waterfall: A Novel of the Battle of Midway","Kindle Store","N/A","n/a","N/A","4.99","0.00",,,"8,442","4.5","122","0","n/a","n/a","n/a",,"n/a",,
"B004RFAIWO","Isabel Wilkerson","The Warmth of Other Suns: The Epic Story of America's Great Migration","Unknown","N/A","1","N/A","34.99","0.00",,,"194","5","2,517","949","n/a","n/a","n/a","1","n/a",,
"1101967706","Visit Amazon's John Grisham Page","The Rooster Bar: A Novel","Books","Amazon","23","AMZ","4.79","5.80","740","3,544.60","3,872","4","8,397","492","4.1x7.5x1.0","0.49","Large Standard-Size","1","n/a",,
"B0011UCPM4","Visit Amazon's David Baldacci Page","The Whole Truth (A. Shaw Book 1)","Kindle Store","N/A","1","N/A","10.99","0.00",,,"11,939","4.5","1,953","0","n/a","n/a","n/a","1","n/a",,
"B07L1B4R4C","($) Bambi Bamboo","($) Bambi Bamboo Hooded Baby Towel for Sensitive Skin - Super Soft, Absorbent, Hypoallergenic - Botanical Floral, 2 Layers Reversible - Sized for Infant and Toddler","($) Baby","($) Bambi Bamboo","1","FBA","27.97","9.00","95","2,657.15","13,932","4.5","81","10","9.1x9.5x2.0","1.25","Large Standard-Size","9","n/a",,
"B082S8SFYH","($) Cimkiz","($) Baby Socks Winter Thick Warm Wool Socks for Toddler Girls Boys Fuzzy Cute Socks 5 Pairs","($) Clothing, Shoes & Jewelry","($) LanErRun","n/a","N/A","14.99","0.00",,,"144,514","5","7","n/a","n/a",,"n/a",,"12/15/2019",,
"B01C8YRCYC","($) Beco Baby Carrier","($) Beco Gemini Baby Carrier - Cool Mesh Navy, Sleek and Simple 5-in-1 All Position Backpack Style Sling for Holding Babies, Infants and Child from 7-35 lbs Certified Ergonomic","($) Baby","($) Boba Inc. (USA)","1","FBA","78.82","17.00","448","35,311.36","4,021","4.5","791","109","9.1x13.2x3.8","1.6","Large Standard-Size","9","n/a",,
"B073SK41K4","($) Oliver and Olivia Apparel","($) Oliver and Olivia Apparel 2nd Birthday Shirt, 2T, Heather Gray","($) Clothing, Shoes & Jewelry","($) Oliver and Olivia Apparel","1","FBA","14.98","6.00","680","10,186.40","12,412","4.5","198","21","3.9x6.1x0.8","0.1","Large Standard-Size","2","n/a",,
"1786814951","Visit Amazon's Colleen Coleman Page","For Once in My Life: An absolutely perfect laugh out loud romantic comedy","Books","Amazon","14","AMZ","9.99","5.93","171","1,708.29","54,427","4","415","16","5.0x7.7x0.6","0.66","Small Standard-Size","2","n/a",,
"B01MZ14LJV","Kitchen Gizmo","Kitchen Gizmo Snap N Strain Strainer - Gray | Patented Clip On Silicone Colander | Fits all Pots and Bowls","Kitchen & Dining","Home N' Goods","2","FBA","16.99","7.02","8,904","151,278.96","533","4.5","1,217","239","4.6x9.2x2.9","0.5","Large Standard-Size","5","12/18/2016",,
"1797209469","Visit Amazon's John Lithgow Page","Trumpty Dumpty Wanted a Crown: Verses for a Despotic Age","Books","Amazon","1","AMZ","20.66","7.00","1,300","26,858.00","220","0","0","0","6.3x8.3x0.7","0.68","Small Standard-Size","4","n/a",,
"B07B89ZBZC","Visit Amazon's David Baldacci Page","Long Road to Mercy (An Atlee Pine Thriller Book 1)","Kindle Store","N/A","1","N/A","9.99","0.00",,,"1,667","4.5","5,194","0","n/a","n/a","n/a","1","n/a",,
"B01K1JVZOE","Kasa Smart","Kasa Smart Plug by TP-Link, Smart Home WiFi Outlet works with Alexa, Echo,Google Home & IFTTT,No Hub Required, Remote Control, 15 Amp, UL certified, 1-Pack (HS105)","Tools & Home Improvement","USA Supply Source","25","FBA","14.99","5.00","1,164","17,448.36","3,011","4.5","10,472","1425","3.6x5.7x3.5","0.45","Large Standard-Size","9","08/09/2016",,
"B07MNHHXNC","Bali","Bali Women's One Smooth U Ultra Light Illusion Neckline Underwire Bra","Clothing, Shoes & Jewelry","Amazon","7","AMZ","18.95","6.00","4,872","92,324.40","803","4.5","6,565","1284","5.7x6.8x1.6","0.2","Large Standard-Size","4","08/08/2005",,
"B083HLD5FT","Visit Amazon's Marian Keyes Page","Grown Ups","Kindle Store","N/A","n/a","N/A","12.99","0.00",,,"11,702","4.5","2,166","0","n/a","n/a","n/a","1","n/a",,
"B089DGZ7YD","Venture Pal","Venture Pal Large Half Gallon/64oz Motivational Water Bottle with Time Marker & Straw,Leakproof Tritan BPA Free Water Jug,Ensure You Drink Enough Water Daily for Fitness,Gym and Outdoor Sports","Sports & Outdoors","CXCM Direct","1","FBA","13.59","5.00","2,736","37,182.24","349","5","601","345","6.4x10.3x6.1","0.65","Large Standard-Size","7","07/04/2020",,
"B07KFJRT47","($) Alex & Kate","($) Lulla Bear Shusher by Alex & Kate - Mom’s Heartbeat Sound, White Noise, and Lullabies - Portable Toddler Sleep Aid Toy, Baby Sleep Soothing Sounds for Newborn Crib to Comfort, Gender Neutral","($) Baby","($) Alex & Kate","1","FBA","39.00","11.65","275","10,725.00","6,163","4.5","215","26","7.3x11.0x5.4","1.2","Large Standard-Size","9","n/a",,
"B07HMT1M6M","($) nononfish","($) Baby Knee Pads for Crawling for Boy Girls Anti Slip Leg Warmers Kids Kneepads and Elbow Pads 6 Pair","($) Baby","($) zwjdavid","1","FBA","7.67","3.00","69","529.23","19,076","4","118","33","8.9x9.8x0.6","0.3","Small Standard-Size","8","n/a",,
"197869170X","Visit Amazon's Robert T. Kiyosaki Page","Rich Dad Poor Dad: 20th Anniversary Edition: What the Rich Teach Their Kids About Money That the Poor and Middle Class Do Not!","Unknown","Amazon","2","AMZ","54.97","13.00",,,,"4.5","31,422","2487","5.5x6.5x1.0","0.47","Large Standard-Size","1","n/a",,
"B06Y6212TK","HUSAN","HUSAN Great Gift Toy for Children Kids Code Electronic Piggy Banks Mini ATM Electronic Coin Bank Coin Box for Children Fun Toy, Red","Toys & Games","HUSAN","1","FBA","23.99","9.00","4,889","117,287.11","1,205","4.5","2,890","458","10.6x12.0x2.9","1","Large Standard-Size","7","12/01/2018",,
"B0008JGW96","Le Guerandais","Guerande 'Fleur De Sel' Sea Salt,4.4 oz, pack of 2","Grocery & Gourmet Food","N/A","7","FBA","7.98","4.00","546","4,357.08","13,952","5","284","33","3.4x6.0x3.2","0.7","Large Standard-Size","2","n/a",,
"B019G6DSDE","Visit Amazon's Robert Bryndza Page","The Girl in the Ice: A gripping serial killer thriller (Detective Erika Foster Book 1)","Kindle Store","N/A","1","N/A","2.99","0.00",,,"27,432","4.5","14,682","0","n/a","n/a","n/a","1","n/a",,
"B085GN68LC","Chefman","Chefman TurboFry 2 Liter Air Fryer, Dishwasher Safe Basket & Tray, Use Little To No Oil For Healthy Food, 30 Minute Timer, Fry Healthier Meals Fast, Heat And Power Indicator Light, Temp Control, Black","Kitchen & Dining","Amazon","1","AMZ","42.01","18.00","7,940","333,559.40","332","4.5","2,998","482","10.5x14.2x10.2","7.37","Small Oversize","8","03/04/2020",,
"B081M7TFWS","Visit Amazon's Fiona Davis Page","The Lions of Fifth Avenue: A Novel","Kindle Store","N/A","n/a","N/A","13.99","0.00",,,"697","4.5","898","0","n/a","n/a","n/a",,"n/a",,
"B079DBS447","Visit Amazon's John Grisham Page","The Reckoning: A Novel","Kindle Store","N/A","1","N/A","9.99","0.00",,,"2,970","4","10,268","0","n/a","n/a","n/a","1","n/a",,
"B07H7YQ4PJ","($) AiKiddo","($) Baby Muslin Washcloths 10 Pack, 6 Layers Natural Muslin Cotton Baby Wipes, Newborn Baby Face Towel for Sensitive Skin, Baby Registry as Shower Gift Set, Extra Soft, Breathable, 12x12 inches (Blue-Gree","($) Baby","($) rainbow10705","1","FBA","13.59","5.00","57","774.63","15,746","4.5","127","14","8.3x9.7x1.9","0.6","Large Standard-Size","9","n/a",,
"B07R6MMMSW","($) AOKESI","($) AOKESI Friction Powered Cars Push and Go Toys Car Construction Toys Toddler Trucks Set of 4 Tractor, Cement Mixer, Bulldozer & Dump Truck for Boys Age 1 2 3 Ideal Baby Kid Gift","($) Toys & Games","($) AOKESI","1","FBA","16.99","7.39","311","5,283.89","18,138","5","212","40","7.6x8.9x3.2","1.12","Large Standard-Size","7","n/a",,
