ASIN,Brand,Title,Category,BuyBox,#,Fulfillment ,Price,FBA fee,Sales,Revenue,BSR,Rating,Review Count,Review Velocity,Dimensions,Weight,Size Tier,Images,Listing Creation Date,,
"B08BZT2436","($) Xtansuo","($) Women’s Cargo Hiking Pants Lightweight Water Resistant Drawstring Outdoor Performance UPF 50+ Athletic Joggers Zipper Pockets","($) Sports & Outdoors","($) Xtansuo Sports & Outdoor","n/a","N/A","28.99","0.00",,,"18,882","5","1","n/a","n/a",,"n/a",,"08/25/2020",,
"B084HP2FZD","($) MobileDemand","($) MobileDemand Flex 10B Rugged Touchscreen Tablet | Ultra Lightweight | 10.1-in Display | Windows 10 Pro | MIL-STD-810G |3000mAh Battery| Quad Core Celeron N4100 for Enterprise Mobile Field Work","($) Electronics","($) MobileDemand, LC","2","FBA","595.00","41.23","55","32,725.00","19,023","5","10","7","9.0x15.1x2.9","3.4","Large Standard-Size","5","02/05/2020",,
"B07RTTDCBR","Visit Amazon's Lisa Gardner Page","When You See Me: A Novel (D.D. Warren Book 11)","Kindle Store","N/A","n/a","N/A","11.99","0.00",,,"12,123","4.5","1,391","0","n/a","n/a","n/a",,"n/a",,
"B00GGL6PKG","Bali","Bali Women's Comfort Revolution Shaping Wirefree Bra","Clothing, Shoes & Jewelry","Amazon","15","AMZ","23.41","8.00","5,408","126,601.28","1,301","4.5","7,120","1016","9.0x9.0x2.4","0.2","Large Standard-Size","7","09/02/2014",,
"B07S1K42R2","Visit Amazon's Simone St. James Page","The Sun Down Motel","Kindle Store","N/A","n/a","N/A","13.99","0.00",,,"2,507","4.5","1,287","0","n/a","n/a","n/a","1","n/a",,
"B08JPMBD3N","Cara Gubbins","Launch Your Kindle Bestseller: How to Write, Publish and Market a Bestselling Book on Amazon (Even if you’ve never published a book before and you don’t ... Publishing Secrets for Indie Authors 1)","Kindle Store","N/A","n/a","N/A",,"0.00",,,"48,303","5","2","n/a","n/a",,"n/a",,"n/a",,
"B07NJCG1XS","Malcolm Gladwell","Talking to Strangers: What We Should Know About the People We Don't Know","Unknown","N/A","n/a","N/A","26.94","0.00",,,"46","4.5","6,058","939","4.5x7.1x1.1","0.37","Large Standard-Size","1","n/a",,
"1538711796","Visit Amazon's David Baldacci Page","The Winner","Books","Amazon","20","AMZ","12.78","8.00","695","8,882.10","4,428","4.5","4,049","442","5.2x8.0x1.6","0.95","Large Standard-Size","2","n/a",,
"0399185046","Visit Amazon's Dalai Lama Page","The Book of Joy: Lasting Happiness in a Changing World","Books","Amazon","55","AMZ","15.05","8.00","1,685","25,359.25","922","5","3,664","511","6.0x8.0x1.0","1","Large Standard-Size","5","n/a",,
"B08GJV2MJL","($) SouqFone","($) SouqFone Women High Waist Yoga Pants with Pockets 4 Ways Stretch Workout Leggings","($) Sports & Outdoors","($) SouqFone","2","FBA","25.99","8.00","469","12,189.31","3,812","4.5","56","7","6.2x10.4x1.7","0.55","Large Standard-Size","5","08/23/2020",,
"B06X9DXBT2","($) Milliard","($) Milliard Premium Memory Foam Hypoallergenic Infant Crib Mattress and Toddler Bed Mattress with Waterproof Bamboo Cover, Flip Dual Stage System - 27.5 inches x 52 inches x 5.5 inches","($) Baby","($) Home Wise","6","FBA","89.99","28.00","826","74,331.74","1,278","5","1,587","0","10.3x30.3x8.7","9.96","Small Oversize","8","02/23/2017",,
"B07MHSNPSG","James Patterson","The First Lady","Unknown","N/A","n/a","N/A","25.94","0.00",,,"2,154","4.5","2,141","283","n/a","n/a","n/a","1","n/a",,
"B08911Q258","Learning Bugs","Learning Bugs Interactive ABC & 123s Talking Poster & Musical Wall Chart, Best Educational Toy for 2 Year olds and 3 Year olds. Electronic Toddler Toys for Boys & Girls.","Toys & Games","LEARNING BUGS","1","FBA","28.98","7.00","34","985.32","8,990","0","0","0","7.9x17.8x1.9","0.75","Large Standard-Size","7","n/a",,
"0385348711","Visit Amazon's Erik Larson Page","The Splendid and the Vile: A Saga of Churchill, Family, and Defiance During the Blitz","Books","Amazon","36","AMZ","19.20","10.10","4,436","85,171.20","233","4.5","6,856","1464","6.4x9.3x1.7","1.95","Large Standard-Size","1","n/a",,
"1653381612","Visit Amazon's Tim Tigner Page","The Price of Time","Books","Amazon","3","AMZ","15.29","8.00","284","4,342.36","14,417","4","2,744","131","6.1x9.1x2.2","1.14","Large Standard-Size","2","n/a",,
"B083B119VV","Move2Play","Move2Play Motown Magic Bluetooth Karaoke Microphone, Pink, for Girls, for 4 5 6 7 8 Year Old Girls, Pink Mic","Unknown","Move2Play","1","FBA","29.99","9.00",,,"357","4.5","1,178","0","3.7x10.2x3.5","0.97","Large Standard-Size","6","02/20/2020",,
"B07ZC727WV","Visit Amazon's Lisa Wingate Page","The Book of Lost Friends: A Novel","Kindle Store","N/A","n/a","N/A","13.99","0.00",,,"661","4.5","2,576","0","n/a","n/a","n/a","1","n/a",,
"B08KDP1ZC1","Visit Amazon's Patricia Vandenberg Page","Dr. Norden Bestseller Classic 67 – Arztroman: Wer kann Andrea helfen? (German Edition)","Kindle Store","N/A","n/a","N/A",,"0.00",,,,"0","0","n/a","n/a",,"n/a",,"n/a",,
"B081Y3TT9C","Visit Amazon's Jasmine Guillory Page","Party of Two","Kindle Store","N/A","n/a","N/A","11.99","0.00",,,"3,863","4.5","989","0","n/a","n/a","n/a",,"n/a",,
"B07H8DYJ77","($) Neleus","($) Neleus Women's Yoga Pant Running Workout Leggings with Pocket Tummy Control High Waist","($) Sports & Outdoors","($) Neleus","1","FBA","26.89","10.52","1,799","48,375.11","2,133","4.5","2,945","485","10.8x11.3x2.5","1.11","Large Standard-Size","7","11/20/2018",,
"B07RFJZTG7","($) Neleus","($) Neleus High Waist Running Workout Leggings for Yoga with Pockets","($) Sports & Outdoors","($) Neleus","1","FBA","37.95","11.80","1,657","62,883.15","2,067","4","5,831","337","7.0x9.8x2.9","1.2","Large Standard-Size","7","11/04/2017",,
"B084HP6FCS","($) MobileDemand","($) MobileDemand Flex 10B Rugged Touchscreen Tablet w/Keyboard | Ultra Lightweight | 10.1-in Display | Windows 10 Pro | MIL-STD-810G |3000mAh Battery| Quad Core for Enterprise Mobile Field Work","($) Electronics","($) MobileDemand, LC","2","FBA","665.00","45.32","26","17,290.00","28,130","3.5","9","4","9.0x15.7x2.9","4.55","Large Standard-Size","4","02/05/2020",,
"B079NZGW3M","($) Marpac","($) Yogasleep Whish White Noise Sound Machine | 16 Natural Nature & Soothing Sounds with Volume Control | Travel, Office Privacy, Sleep Therapy, Concentration | For Adults & Baby","($) Health & Household","($) Amazon","6","AMZ","39.95","10.00","296","11,825.20","22,843","4.5","821","25","6.2x6.8x3.6","1.3","Large Standard-Size","9","01/19/2018",,
"B004Y18G2A","Guerande","Millenaire Fleur De Sel De Guerande Sea Salt 2.2 Lbs (1 Kg)","Grocery & Gourmet Food","N/A","8","FBA","19.99","9.00","165","3,298.35","26,192","5","87","3","7.0x9.5x6.5","2.53","Large Standard-Size","1","n/a",,
"B081Y3TT9C","Visit Amazon's Jasmine Guillory Page","Party of Two","Kindle Store","N/A","n/a","N/A","11.99","0.00",,,"3,863","4.5","989","0","n/a","n/a","n/a",,"n/a",,
"B07W197T5J","AmazonBasics","AmazonBasics 3.2 Quart Compact Multi-Functional Air Fryer","Unknown","Amazon","1","AMZ","57.24","27.00",,,,"4.5","673","171","16.0x18.0x14.1","14.15","Small Oversize","6","01/27/2020",,
"B07X1VXQMS","Ultrean","Ultrean 5.8 Quart Air Fryer, Electric Hot Air Fryers Oilless Cooker with 10 Presets, Digital LCD Touch Screen, Nonstick Basket, 1700W, UL Listed (Black)","Kitchen & Dining","BAISELLER","1","FBA","79.99","29.00","121","9,678.79","11,279","4.5","1,496","246","14.4x16.6x14.0","14.05","Small Oversize","7","08/27/2019",,
"1674844468","Visit Amazon's Jenson William Page","Air Fryer Cookbook: 600 Effortless Air Fryer Recipes for Beginners and Advanced Users","Books","Amazon","4","AMZ","10.90","8.00","3,977","43,349.30","219","4.5","3,404","856","8.3x11.0x0.5","1.25","Large Standard-Size","2","n/a",,
"B007XG6B2K","Needzo","Religious Gifts Saint Joseph Statue Home Seller Kit with Prayer Card and Instructions","Home & Kitchen","Movement Brands","4","FBA","6.29","3.00","4,606","28,971.74","2,387","4.5","4,631","598","3.0x4.3x0.5","0.05","Small Standard-Size","7","n/a",,
"0738285676","Visit Amazon's Pamela Salzman Page","Pamela Salzman's Quicker Than Quick: 140 Crave-Worthy Recipes for Healthy Comfort Foods in 30 Minutes or Less","Books","Amazon","22","AMZ","22.45","10.59","313","7,026.85","10,259","5","239","15","7.6x9.6x1.2","2.5","Large Standard-Size","1","n/a",,
"B08KDP1ZC1","Visit Amazon's Patricia Vandenberg Page","Dr. Norden Bestseller Classic 67 – Arztroman: Wer kann Andrea helfen? (German Edition)","Kindle Store","N/A","n/a","N/A",,"0.00",,,,"0","0","n/a","n/a",,"n/a",,"n/a",,
"B08BZV6LFW","($) Xtansuo","($) Women’s Cargo Hiking Pants Lightweight Water Resistant Drawstring Outdoor Performance UPF 50+ Athletic Joggers Zipper Pockets","($) Sports & Outdoors","($) Xtansuo Sports & Outdoor","1","FBA","28.99","7.00","132","3,826.68","17,909","5","1","0","10.0x11.6x1.4","0.54","Large Standard-Size","7","08/25/2020",,
"B07QGJQ775","($) VAVA","($) Baby Monitor, VAVA 720P 5' HD Display Video Baby Monitor with Camera and Audio, IPS Screen, 900ft Range, 4500 mAh Battery, Two-Way Audio, One-Click Zoom, Night Vision and Thermal Monitor","($) Electronics","($) Amazon","3","AMZ","149.99","29.00","5,103","765,398.97","935","4.5","5,480","835","10.8x13.6x5.4","2.3","Large Standard-Size","7","n/a",,
"B07GJBBGHG","COSORI","COSORI Air Fryer Max XL(100 Recipes) Electric Hot Oven Oilless Cooker LED Touch Digital Screen with 11 Presets, Preheat& Shake Reminder, Nonstick Basket, 1700W, 5.8 QT-Black","Kitchen & Dining","Amazon","2","AMZ","107.98","32.00","30,283","3,269,958.34","27","4.5","19,365","4815","20.0x20.0x20.0","16","Small Oversize","15","10/21/2018",,
"B079586RDT","Stephen King","The Outsider","Unknown","N/A","1","N/A","29.95","0.00",,,"392","4.5","11,808","1283","n/a","n/a","n/a","1","n/a",,
"B07Q5TL9SQ","Visit Amazon's Gregg Olsen Page","If You Tell: A True Story of Murder, Family Secrets, and the Unbreakable Bond of Sisterhood","Kindle Store","N/A","n/a","N/A","1.99","0.00",,,"2","4.5","14,823","0","n/a","n/a","n/a","1","n/a",,
"B00X22FG9I","Hudson Baby","Hudson Baby Unisex Baby Cotton Long-sleeve Bodysuits","Clothing, Shoes & Jewelry","Amazon","2","AMZ","10.99","5.00","16,395","180,181.05","22","4.5","9,635","1978","9.9x11.2x1.7","0.49","Large Standard-Size","1","09/09/2013",,
"B081XKMTGF","Jocuu","Juicer Machines, Jocuu Slow Masticating Juicer Extractor, Cold Press Juicer Easy to Clean, for Vegetables and Fruits, Two Speed Modes, Reverse Function, Quiet Motor, with Brush and Recipes, White","Unknown","BelieveCo","1","FBA","105.95","24.00",,,"2,418","4.5","1,028","206","12.0x15.5x8.0","10.45","Large Standard-Size","6","11/23/2019",,
"052542976X","Visit Amazon's Sue Monk Kidd Page","The Book of Longings: A Novel","Books","Amazon","28","AMZ","16.80","9.22","1,886","31,684.80","689","4.5","2,749","985","6.5x9.4x1.5","1.55","Large Standard-Size","1","n/a",,
"B00JSW7IH4","Visit Amazon's Inglath Cooper Page","And Then You Loved Me","Kindle Store","N/A","1","N/A","5.99","0.00",,,"2,355","4.5","2,442","0","n/a","n/a","n/a","1","n/a",,
"0451466691","Visit Amazon's Amy Belding Brown Page","Flight of the Sparrow: A Novel of Early America","Books","Amazon","23","AMZ","14.40","7.00","328","4,723.20","10,782","4.5","1,060","69","5.4x8.2x0.8","0.55","Large Standard-Size","2","n/a",,
"B07T9Y3P46","($) Hide N Side","($) Baby Gift Set - Cloth Soft Crinkle Baby Book & Ball Soft Teething Educational Toys, Infant Newborn Toddler Baby Girls Boys 6 to 12 Month, 1 Year Old, Tummy Time, Best Baby Shower Gift Christmas Gift","($) Baby","($) Hide-n-Side","1","FBA","12.99","5.00","569","7,391.31","3,501","4.5","385","63","6.7x6.8x4.7","0.35","Large Standard-Size","7","n/a",,
"B07WVX38KG","($) PRANITE","($) Oxford Lunch Bag Insulated Wide-Open Large Tote USB Charge Port Durable Organizer for Women Men Adult College Work Picnic Hiking Beach Fishing Reusable Cooler Bags Ladies Container (Blue)","($) Kitchen & Dining","($) CECIL MONTEiRO CO","1","FBA","10.59","6.00","48","508.32","47,689","4.5","56","10","12.0x15.0x3.0","1","Large Standard-Size","7","08/20/2019",,
